query_number,execution_time
1,50.687442
2,54.961117
3,52.121752
4,55.557419
5,54.59533
Total Execution Time:,267.92306
Average Execution Time:,53.58461200000001
