query_number,execution_time
1,45.596092
2,43.731341
3,42.316769
4,45.327528
5,47.24762
Total Execution Time:,224.21935000000002
Average Execution Time:,44.84387
