query_number,execution_time
1,48.931296
2,49.221965
3,46.313664
4,46.015983
5,47.133164
Total Execution Time:,237.616072
Average Execution Time:,47.5232144
