query_number,execution_time
1,45.818232
2,48.502141
3,48.223303
4,47.897905
5,47.503505
Total Execution Time:,237.945086
Average Execution Time:,47.5890172
