query_number,execution_time
1,45.43383
2,48.775444
3,46.008871
4,44.952319
5,46.467796
Total Execution Time:,231.63825999999997
Average Execution Time:,46.32765199999999
