query_number,execution_time
1,45.684652
2,45.334402
3,46.022934
4,45.032669
5,45.151626
Total Execution Time:,227.226283
Average Execution Time:,45.4452566
