query_number,execution_time
1,90.436209
2,88.660322
3,80.769402
4,79.924693
5,74.488412
Total Execution Time:,414.27903799999996
Average Execution Time:,82.85580759999999
