query_number,execution_time
1,70.778057
2,74.838789
3,82.169997
4,76.480925
5,78.650692
Total Execution Time:,382.91846
Average Execution Time:,76.583692
