query_number,execution_time
1,71.583474
2,70.878436
3,71.393798
4,71.207383
5,69.443117
Total Execution Time:,354.506208
Average Execution Time:,70.9012416
