query_number,execution_time
1,70.450089
2,73.958179
3,72.223095
4,72.446195
5,72.89848
Total Execution Time:,361.976038
Average Execution Time:,72.3952076
