query_number,execution_time
1,78.775675
2,80.50181
3,91.562583
4,82.328915
5,71.203293
Total Execution Time:,404.37227600000006
Average Execution Time:,80.87445520000001
