query_number,execution_time
1,71.03575
2,70.604889
3,72.613073
4,70.627394
5,70.894441
Total Execution Time:,355.77554699999996
Average Execution Time:,71.15510939999999
