query_number,execution_time
1,71.928116
2,74.833564
3,73.63921
4,73.397025
5,70.850398
Total Execution Time:,364.648313
Average Execution Time:,72.9296626
