query_number,execution_time
1,72.048536
2,74.32236
3,73.529668
4,76.057621
5,75.017
Total Execution Time:,370.975185
Average Execution Time:,74.195037
