query_number,execution_time
1,70.927357
2,71.067492
3,74.179174
4,73.710367
5,75.823355
Total Execution Time:,365.707745
Average Execution Time:,73.141549
