query_number,execution_time
1,72.128957
2,70.808259
3,74.253364
4,75.316125
5,78.191633
Total Execution Time:,370.69833800000004
Average Execution Time:,74.13966760000001
