query_number,execution_time
1,72.288179
2,75.61623
3,73.394804
4,89.363346
5,74.952787
Total Execution Time:,385.615346
Average Execution Time:,77.1230692
