query_number,execution_time
1,44.846675
2,55.529294
3,46.731841
4,46.733753
5,56.970484
Total Execution Time:,250.812047
Average Execution Time:,50.1624094
