query_number,execution_time
1,48.212849
2,48.149722
3,53.111933
4,56.976331
5,48.861093
Total Execution Time:,255.31192799999997
Average Execution Time:,51.06238559999999
