query_number,execution_time
1,45.790605
2,47.060224
3,45.626067
4,50.375179
5,47.335329
Total Execution Time:,236.18740400000002
Average Execution Time:,47.2374808
