query_number,execution_time
1,44.725898
2,46.899026
3,49.258566
4,47.036818
5,52.461686
Total Execution Time:,240.38199399999996
Average Execution Time:,48.07639879999999
