query_number,execution_time
1,46.594205
2,48.508442
3,51.268818
4,51.842075
5,49.921491
Total Execution Time:,248.135031
Average Execution Time:,49.6270062
