query_number,execution_time
1,47.488807
2,51.261374
3,48.617177
4,48.861511
5,48.525753
Total Execution Time:,244.754622
Average Execution Time:,48.950924400000005
