query_number,execution_time
1,45.635837
2,48.444847
3,48.034394
4,48.869696
5,49.895809
Total Execution Time:,240.880583
Average Execution Time:,48.1761166
